Author,Best,杜禹明-华科-计科,杜禹明-华科-计算机,Gurobi9.1.1,于浩-吉林大学-软件,于浩-吉林大学-软件,于浩-吉林大学-软件,于浩-吉林大学-软件,于浩-吉林大学-软件,于浩-吉林大学-软件,于浩-吉林大学-软件,于浩-吉林大学-软件,于浩-吉林大学-软件,于浩-吉林大学-软件,于浩-吉林大学-软件,于浩-吉林大学-软件,王彦博-北交-计科,于浩-吉林大学-软件,王彦博-北交-计科,王彦博-北交-计科,王彦博-北交-计科,于浩-吉林大学-软件,于浩-吉林大学-软件,王晓衡-吉林大学-计算机,于浩-吉林大学-软件,于浩-吉林大学-软件,王晓衡-吉林大学-计算机,于浩-吉林大学-软件,千方遂-吉林大学-计算机科学与技术,彭伟轩-深圳大学-高等研究院,于浩-吉林大学-软件,于浩-吉林大学-软件,于浩-吉林大学-软件,于浩-吉林大学-软件,于浩-吉林大学-软件,靳博涵-哈工深-计科,黄意雯-西北工业大学-软件工程,于浩-吉林大学-软件,王天赐-华中科技大学-电子封装技术,黄意雯-西北工业大学-软件工程,王天赐-华中科技大学-电子封装技术,于浩-吉林大学-软件,李浩宇-北交大-计科,王天赐-华中科技大学-电子封装技术,李浩宇-北交大-计科,Gurobi9.1.1,王彦博-北交-计科,胡钰湄-华科-计算机,李浩宇-北交大-计科,黄意雯-西北工业大学-软件工程,黄意雯-西北工业大学-软件工程,黄意雯-西北工业大学-软件工程,黄意雯-西北工业大学-软件工程,杜禹明-华科-计科,杜禹明-华科-计科,杜禹明-华科-计科,Gurobi9.1.1,Gurobi9.1.1
Date,0,2022-08-22 17:46:27.394,2022,2022-09-09 19:19:35.593,2022-07-09 19:09:01.249,2022-07-15 11:47:01.153,2022-07-09 13:10:47.452,2022-06-03 23:52:01.550,2022-06-13 19:37:39.103,2022-06-14 00:08:40.736,2022-06-11 13:00:58.959,2022-06-09 17:28:32.803,2022-06-09 02:30:58.336,2022-06-08 20:51:38.436,2022-06-11 06:37:09.223,2022-06-08 16:12:33.488,2022-06-09 14:08:30.234,2022-06-13 00:20:24.238,2022-06-09 10:10:16.797,2022-06-07 11:27:20.037,2022-06-09 08:39:53.671,2022-06-12 22:25:08.479,2022-07-09 03:01:26.157,2022,2022-06-12 11:44:12.782,2022-07-08 00:04:46.491,2022-06-26 16:58:03.129,2022-06-12 01:18:23.226,2022-06-27 22:22:38.481,2022,2022-06-03 00:15:19.740,2022-06-03 13:56:16.186,2022-06-02 22:35:02.723,2022-05-29 22:47:22.485,2022-06-11 02:39:01.429,2022-06-21 20:08:28.159,2022-07-16 01:03:09.937,2022-06-08 00:33:18.354,2022-07-09 08:08:47.171,2022-07-15 21:51:10.837,2022-06-24 17:05:27.691,2022,2022-06-29 16:59:00.029,2022,2022-06-28 10:55:00.818,2022-09-08 21:58:41.311,2022-06-08 20:51:38.808,2022-06-15 00:13:13.593,2022-06-28 13:30:37.852,2022-07-13 02:28:25.867,2022-07-15 19:35:14.564,2022-07-15 20:50:35.268,2022-07-15 21:05:52.088,2022-08-22 16:45:23.703,2022-08-22 17:00:43.986,2022-08-22 17:16:09.526,2022-09-07 19:32:46.862,2022-09-08 09:18:18.323
Score,0,0.00018938198346064012,0.2961421608113453,216886.54566483354,2009021.989149618,2009022.001141631,2009022.0138434558,2009061.6840141243,2009081.3663543426,2009081.6985556353,2009086.278470363,2009087.0116034327,2009088.1204156247,2009093.0039776238,2009093.372549201,2009093.9889343106,4639183.376264784,26309314.034056235,206795457.30243033,206795457.32682985,206795457.32828516,206795457.37648687,206795457.51468465,206795457.5427661,206795457.54914263,206795457.55580586,206795457.55822214,206795457.64337865,206795457.68714088,206795457.7695847,206795458.07333773,206795458.08452573,206795458.08881757,206795458.33765274,206795458.50353035,206795458.50427046,206795458.6972764,206795458.7280889,206795458.824839,206795459.25501856,206795459.9316223,206795460.5411119,206795461.77630648,206795461.7804796,215004209.36874118,1481382052.344708,1482610382.752222,1482610382.752222,1482610382.752222,1482610382.752222,1482610382.752222,1482610382.752222,1482610382.752222,1482610382.752222,1482610382.752222,1482610382.752222,1482610382.752222,1482610382.752222
pardalos.n50e100.txt,3,3,3,3,3,3,3,3,3,3,3,3,3,3,3,3,3,3,3,3,3,3,3,3,3,3,3,3,3,3,3,3,3,3,3,3,3,3,3,3,3,3,3,4,3,1000000000,1000000000,1000000000,1000000000,1000000000,1000000000,1000000000,1000000000,1000000000,1000000000,1000000000,1000000000,1000000000
pardalos.n50e150.txt,9,9,9,9,9,9,9,9,9,9,9,9,9,9,9,9,9,9,9,9,9,9,9,9,9,9,9,9,9,9,9,9,9,9,9,9,9,9,9,9,10,9,9,10,9,1000000000,1000000000,1000000000,1000000000,1000000000,1000000000,1000000000,1000000000,1000000000,1000000000,1000000000,1000000000,1000000000
pardalos.n50e200.txt,13,13,13,13,13,13,13,13,13,13,13,13,13,13,13,13,13,13,13,13,13,13,13,13,13,13,13,13,13,13,13,13,13,13,13,13,13,13,13,13,13,13,13,13,13,1000000000,1000000000,1000000000,1000000000,1000000000,1000000000,1000000000,1000000000,1000000000,1000000000,1000000000,1000000000,1000000000
pardalos.n50e250.txt,17,17,17,17,17,17,17,17,17,17,17,17,17,17,17,17,17,17,17,17,17,17,17,17,17,17,17,17,17,17,17,17,17,17,17,17,17,17,17,17,17,17,17,17,17,1000000000,1000000000,1000000000,1000000000,1000000000,1000000000,1000000000,1000000000,1000000000,1000000000,1000000000,1000000000,1000000000
pardalos.n50e300.txt,19,19,19,19,19,19,19,19,19,19,19,19,19,19,19,19,19,19,19,19,19,19,19,19,19,19,19,19,19,19,19,19,19,19,19,19,19,19,19,19,19,19,19,19,19,1000000000,1000000000,1000000000,1000000000,1000000000,1000000000,1000000000,1000000000,1000000000,1000000000,1000000000,1000000000,1000000000
pardalos.n50e500.txt,28,28,28,28,28,28,28,28,28,28,28,28,28,28,28,28,28,28,28,28,28,28,29,28,28,29,28,29,28,28,28,28,28,28,28,28,28,28,28,28,28,28,29,29,28,1000000000,1000000000,1000000000,1000000000,1000000000,1000000000,1000000000,1000000000,1000000000,1000000000,1000000000,1000000000,1000000000
pardalos.n50e600.txt,31,31,31,31,31,31,31,31,31,31,31,31,31,31,31,31,31,31,31,31,31,31,32,31,31,32,31,32,32,31,31,31,31,31,31,32,31,31,32,31,31,31,31,32,31,1000000000,1000000000,1000000000,1000000000,1000000000,1000000000,1000000000,1000000000,1000000000,1000000000,1000000000,1000000000,1000000000
pardalos.n50e700.txt,33,33,33,33,33,33,33,33,33,33,33,33,33,33,33,33,33,33,33,33,33,33,34,33,33,33,33,33,33,33,33,33,33,33,33,33,33,33,33,33,33,33,33,33,33,1000000000,1000000000,1000000000,1000000000,1000000000,1000000000,1000000000,1000000000,1000000000,1000000000,1000000000,1000000000,1000000000
pardalos.n50e800.txt,34,34,34,34,34,34,34,34,34,34,34,34,34,34,34,34,34,34,34,34,34,34,36,34,34,36,34,36,34,34,34,34,34,34,34,34,34,34,36,34,34,34,34,35,34,1000000000,1000000000,1000000000,1000000000,1000000000,1000000000,1000000000,1000000000,1000000000,1000000000,1000000000,1000000000,1000000000
pardalos.n50e900.txt,36,36,36,36,36,36,36,36,36,36,36,36,36,36,36,36,36,36,36,36,36,36,38,36,36,38,36,38,36,36,36,36,36,36,36,36,36,36,37,36,36,36,36,37,36,1000000000,1000000000,1000000000,1000000000,1000000000,1000000000,1000000000,1000000000,1000000000,1000000000,1000000000,1000000000,1000000000
pardalos.n100e200.txt,9,9,9,9,9,9,9,9,9,9,9,9,9,9,9,9,9,9,9,9,9,9,9,9,9,9,9,9,9,9,9,9,9,9,9,9,9,9,9,9,11,9,10,10,9,1000000000,1000000000,1000000000,1000000000,1000000000,1000000000,1000000000,1000000000,1000000000,1000000000,1000000000,1000000000,1000000000
pardalos.n100e300.txt,17,17,17,17,17,17,17,17,17,17,17,17,17,17,17,17,17,17,17,17,17,17,17,17,17,17,17,17,17,17,17,17,17,17,17,17,17,17,18,17,17,17,19,18,19,1000000000,1000000000,1000000000,1000000000,1000000000,1000000000,1000000000,1000000000,1000000000,1000000000,1000000000,1000000000,1000000000
pardalos.n100e400.txt,23,23,23,23,23,23,23,23,23,23,23,23,23,23,23,23,23,23,23,23,23,23,23,23,23,23,23,23,26,23,23,23,23,23,23,23,23,23,24,23,25,23,25,24,25,1000000000,1000000000,1000000000,1000000000,1000000000,1000000000,1000000000,1000000000,1000000000,1000000000,1000000000,1000000000,1000000000
pardalos.n100e500.txt,32,32,32,32,32,32,32,32,32,32,32,32,32,32,32,32,32,32,32,32,32,32,32,32,32,32,32,32,33,32,32,32,32,32,32,32,32,32,32,32,33,32,34,34,34,1000000000,1000000000,1000000000,1000000000,1000000000,1000000000,1000000000,1000000000,1000000000,1000000000,1000000000,1000000000,1000000000
pardalos.n100e600.txt,36,36,36,37,36,36,36,36,36,36,36,36,36,36,36,36,36,36,36,37,36,36,36,37,36,36,37,36,38,36,36,36,36,37,36,37,37,36,37,37,37,36,39,40,38,1000000000,1000000000,1000000000,1000000000,1000000000,1000000000,1000000000,1000000000,1000000000,1000000000,1000000000,1000000000,1000000000
pardalos.n100e1000.txt,53,53,53,53,53,53,53,53,53,53,53,53,53,53,53,53,53,53,53,53,53,53,53,53,53,53,53,53,54,53,53,53,53,53,53,54,53,53,54,54,54,53,55,57,54,1000000000,1000000000,1000000000,1000000000,1000000000,1000000000,1000000000,1000000000,1000000000,1000000000,1000000000,1000000000,1000000000
pardalos.n100e1100.txt,54,54,54,55,54,54,54,54,54,54,54,54,54,54,54,54,54,55,54,54,54,55,54,54,54,54,54,54,55,54,55,55,55,55,54,55,55,54,55,55,55,55,56,57,55,1000000000,1000000000,1000000000,1000000000,1000000000,1000000000,1000000000,1000000000,1000000000,1000000000,1000000000,1000000000,1000000000
pardalos.n100e1200.txt,57,57,57,59,57,57,57,57,57,57,57,57,57,57,57,57,57,57,57,57,57,57,57,57,57,57,57,57,57,57,57,57,57,57,57,58,57,57,57,57,57,57,58,60,58,1000000000,1000000000,1000000000,1000000000,1000000000,1000000000,1000000000,1000000000,1000000000,1000000000,1000000000,1000000000,1000000000
pardalos.n100e1300.txt,60,60,60,60,60,60,60,60,60,60,60,60,60,60,60,60,60,60,60,60,60,60,60,60,60,60,60,60,60,60,60,60,60,60,60,60,60,60,60,61,60,60,61,61,61,1000000000,1000000000,1000000000,1000000000,1000000000,1000000000,1000000000,1000000000,1000000000,1000000000,1000000000,1000000000,1000000000
pardalos.n100e1400.txt,61,61,61,61,61,61,61,61,61,61,61,61,61,61,61,61,61,61,61,61,61,61,61,61,61,61,61,61,61,61,61,61,61,61,61,62,61,61,62,61,61,61,62,63,62,1000000000,1000000000,1000000000,1000000000,1000000000,1000000000,1000000000,1000000000,1000000000,1000000000,1000000000,1000000000,1000000000
pardalos.n500e1000.txt,31,31,31,31,31,31,31,31,31,31,31,31,31,31,31,31,31,31,31,31,31,31,31,31,31,31,31,31,33,31,32,32,32,31,31,31,31,31,34,31,44,31,43,36,43,1000000000,1000000000,1000000000,1000000000,1000000000,1000000000,1000000000,1000000000,1000000000,1000000000,1000000000,1000000000,1000000000
pardalos.n500e1500.txt,63,63,63,68,64,64,64,64,64,64,64,64,64,64,64,64,64,64,65,65,64,64,64,64,64,64,65,64,65,65,64,64,64,65,64,65,66,64,69,67,79,65,84,74,83,1000000000,1000000000,1000000000,1000000000,1000000000,1000000000,1000000000,1000000000,1000000000,1000000000,1000000000,1000000000,1000000000
pardalos.n500e2000.txt,100,100,101,112,102,102,102,103,102,102,102,102,102,102,102,102,102,102,102,102,103,102,102,102,103,102,102,103,103,103,103,103,103,103,102,104,109,102,108,112,113,111,129,123,129,1000000000,1000000000,1000000000,1000000000,1000000000,1000000000,1000000000,1000000000,1000000000,1000000000,1000000000,1000000000,1000000000
pardalos.n500e2500.txt,131,131,131,143,133,133,133,135,133,133,133,133,133,133,133,133,135,133,135,135,134,133,133,134,134,133,134,134,134,134,135,135,135,133,133,136,143,133,145,145,143,151,160,163,161,1000000000,1000000000,1000000000,1000000000,1000000000,1000000000,1000000000,1000000000,1000000000,1000000000,1000000000,1000000000,1000000000
pardalos.n500e3000.txt,161,161,162,174,163,163,164,164,163,163,164,163,164,164,164,163,164,163,164,164,164,163,163,164,164,164,163,164,164,164,164,164,164,164,164,170,173,163,171,177,172,189,191,192,191,1000000000,1000000000,1000000000,1000000000,1000000000,1000000000,1000000000,1000000000,1000000000,1000000000,1000000000,1000000000,1000000000
pardalos.n500e5000.txt,237,237,237,262,237,237,238,239,237,237,245,237,238,240,238,238,237,237,237,237,239,237,237,238,237,237,238,237,237,239,239,239,239,237,238,254,253,237,247,262,248,259,266,274,264,1000000000,1000000000,1000000000,1000000000,1000000000,1000000000,1000000000,1000000000,1000000000,1000000000,1000000000,1000000000,1000000000
pardalos.n500e5500.txt,251,251,251,276,252,252,253,253,252,252,261,252,261,261,257,261,254,252,254,254,253,252,252,253,253,253,253,253,254,254,253,253,253,254,261,271,268,252,259,276,262,288,281,292,280,1000000000,1000000000,1000000000,1000000000,1000000000,1000000000,1000000000,1000000000,1000000000,1000000000,1000000000,1000000000,1000000000
pardalos.n500e6000.txt,264,264,264,306,265,265,265,265,265,265,269,268,276,276,279,274,265,265,265,265,265,265,265,266,266,265,266,266,268,267,265,265,265,267,279,287,279,265,274,287,274,306,291,297,289,1000000000,1000000000,1000000000,1000000000,1000000000,1000000000,1000000000,1000000000,1000000000,1000000000,1000000000,1000000000,1000000000
pardalos.n500e6500.txt,276,276,276,312,277,277,276,277,277,277,277,277,293,293,296,293,279,277,279,279,278,277,277,277,279,278,277,279,277,278,277,277,277,277,296,298,292,277,287,299,287,315,301,312,302,1000000000,1000000000,1000000000,1000000000,1000000000,1000000000,1000000000,1000000000,1000000000,1000000000,1000000000,1000000000,1000000000
pardalos.n500e7000.txt,286,286,286,321,286,286,287,288,286,286,294,294,304,304,286,304,288,286,288,288,287,286,286,287,288,288,287,288,288,291,288,288,288,290,286,309,304,289,296,311,296,322,312,324,309,1000000000,1000000000,1000000000,1000000000,1000000000,1000000000,1000000000,1000000000,1000000000,1000000000,1000000000,1000000000,1000000000
pardalos.n1000e3000.txt,127,127,127,140,129,129,129,136,131,131,147,143,152,171,166,171,132,130,132,132,133,136,129,139,133,130,139,131,131,133,136,136,136,138,145,136,146,141,145,148,165,162,189,154,186,1000000000,1000000000,1000000000,1000000000,1000000000,1000000000,1000000000,1000000000,1000000000,1000000000,1000000000,1000000000,1000000000
pardalos.n1000e3500.txt,159,159,160,173,166,166,166,170,168,168,182,178,188,210,210,206,165,168,165,165,167,168,166,172,168,168,172,168,165,168,170,170,170,171,181,169,180,182,179,183,190,198,220,196,223,1000000000,1000000000,1000000000,1000000000,1000000000,1000000000,1000000000,1000000000,1000000000,1000000000,1000000000,1000000000,1000000000
pardalos.n1000e4000.txt,189,189,192,221,196,196,196,203,201,200,213,217,222,241,240,250,196,197,196,196,197,197,196,201,201,198,202,201,200,199,203,203,203,208,213,203,219,211,216,222,229,241,252,244,253,1000000000,1000000000,1000000000,1000000000,1000000000,1000000000,1000000000,1000000000,1000000000,1000000000,1000000000,1000000000,1000000000
pardalos.n1000e4500.txt,226,226,228,366,232,232,232,236,237,237,255,261,265,293,278,290,232,232,232,232,233,232,232,237,240,235,238,238,232,235,236,236,236,244,248,242,257,243,256,265,265,292,292,289,297,1000000000,1000000000,1000000000,1000000000,1000000000,1000000000,1000000000,1000000000,1000000000,1000000000,1000000000,1000000000,1000000000
pardalos.n1000e5000.txt,255,255,257,334,265,265,265,271,272,272,286,301,295,323,324,327,264,266,264,264,263,266,265,272,272,268,271,272,265,266,271,269,269,274,277,274,291,284,295,297,297,320,329,324,331,1000000000,1000000000,1000000000,1000000000,1000000000,1000000000,1000000000,1000000000,1000000000,1000000000,1000000000,1000000000,1000000000
pardalos.n1000e10000.txt,466,466,467,574,480,480,480,525,503,513,545,576,576,627,612,622,472,480,474,472,475,480,480,478,492,482,478,482,474,505,523,523,525,541,545,516,512,579,506,533,505,574,537,557,1000000000,1000000000,1000000000,1000000000,1000000000,1000000000,1000000000,1000000000,1000000000,1000000000,1000000000,1000000000,1000000000,1000000000
pardalos.n1000e15000.txt,578,578,579,691,591,591,591,652,636,627,667,705,704,737,737,739,584,591,585,583,586,589,591,591,600,593,591,597,584,626,652,663,663,679,665,642,622,732,612,647,612,739,641,660,1000000000,1000000000,1000000000,1000000000,1000000000,1000000000,1000000000,1000000000,1000000000,1000000000,1000000000,1000000000,1000000000,1000000000
pardalos.n1000e20000.txt,648,648,651,823,667,665,667,736,704,704,751,771,771,804,801,812,655,660,654,654,658,660,667,663,676,660,663,661,655,707,736,736,736,756,740,717,697,801,675,718,681,799,702,729,1000000000,1000000000,1000000000,1000000000,1000000000,1000000000,1000000000,1000000000,1000000000,1000000000,1000000000,1000000000,1000000000,1000000000
pardalos.n1000e25000.txt,698,698,698,853,710,714,712,789,759,749,795,821,821,846,839,847,701,711,700,704,704,711,710,713,716,714,713,714,704,756,789,789,789,808,797,767,741,843,723,765,724,835,748,771,1000000000,1000000000,1000000000,1000000000,1000000000,1000000000,1000000000,1000000000,1000000000,1000000000,1000000000,1000000000,1000000000,1000000000
pardalos.n1000e30000.txt,737,737,738,873,754,754,754,823,799,799,831,847,847,873,870,871,744,748,743,742,743,748,754,752,757,748,752,749,746,801,823,823,823,837,828,803,782,875,759,798,761,857,784,800,1000000000,1000000000,1000000000,1000000000,1000000000,1000000000,1000000000,1000000000,1000000000,1000000000,1000000000,1000000000,1000000000,1000000000
pace.h001.n1024e2103.txt,46,46,46,48,46,46,46,47,48,48,49,50,50,59,54,59,47,46,1000000000,1000000000,1000000000,1000000000,1000000000,1000000000,1000000000,1000000000,1000000000,1000000000,1000000000,1000000000,1000000000,1000000000,1000000000,1000000000,1000000000,1000000000,1000000000,1000000000,1000000000,1000000000,1000000000,1000000000,1000000000,1000000000,1000000000,1000000000,1000000000,1000000000,1000000000,1000000000,1000000000,1000000000,1000000000,1000000000,1000000000,1000000000,1000000000,1000000000
pace.h003.n1024e3480.txt,38,38,38,38,38,38,38,38,38,38,38,38,38,41,40,41,38,38,1000000000,1000000000,1000000000,1000000000,1000000000,1000000000,1000000000,1000000000,1000000000,1000000000,1000000000,1000000000,1000000000,1000000000,1000000000,1000000000,1000000000,1000000000,1000000000,1000000000,1000000000,1000000000,1000000000,1000000000,1000000000,1000000000,1000000000,1000000000,1000000000,1000000000,1000000000,1000000000,1000000000,1000000000,1000000000,1000000000,1000000000,1000000000,1000000000,1000000000
pace.h005.n843e3995.txt,235,235,235,235,236,236,236,238,242,242,247,252,252,266,266,266,236,236,1000000000,1000000000,1000000000,1000000000,1000000000,1000000000,1000000000,1000000000,1000000000,1000000000,1000000000,1000000000,1000000000,1000000000,1000000000,1000000000,1000000000,1000000000,1000000000,1000000000,1000000000,1000000000,1000000000,1000000000,1000000000,1000000000,1000000000,1000000000,1000000000,1000000000,1000000000,1000000000,1000000000,1000000000,1000000000,1000000000,1000000000,1000000000,1000000000,1000000000
pace.h007.n2048e4096.txt,77,77,77,95,81,81,82,103,97,97,113,126,126,166,157,167,82,82,1000000000,1000000000,1000000000,1000000000,1000000000,1000000000,1000000000,1000000000,1000000000,1000000000,1000000000,1000000000,1000000000,1000000000,1000000000,1000000000,1000000000,1000000000,1000000000,1000000000,1000000000,1000000000,1000000000,1000000000,1000000000,1000000000,1000000000,1000000000,1000000000,1000000000,1000000000,1000000000,1000000000,1000000000,1000000000,1000000000,1000000000,1000000000,1000000000,1000000000
pace.h009.n1024e5231.txt,33,33,33,33,33,33,33,33,34,34,34,34,34,34,34,34,33,33,1000000000,1000000000,1000000000,1000000000,1000000000,1000000000,1000000000,1000000000,1000000000,1000000000,1000000000,1000000000,1000000000,1000000000,1000000000,1000000000,1000000000,1000000000,1000000000,1000000000,1000000000,1000000000,1000000000,1000000000,1000000000,1000000000,1000000000,1000000000,1000000000,1000000000,1000000000,1000000000,1000000000,1000000000,1000000000,1000000000,1000000000,1000000000,1000000000,1000000000
pace.h011.n1024e5480.txt,73,73,74,76,75,75,75,76,78,78,78,80,80,86,85,86,76,76,1000000000,1000000000,1000000000,1000000000,1000000000,1000000000,1000000000,1000000000,1000000000,1000000000,1000000000,1000000000,1000000000,1000000000,1000000000,1000000000,1000000000,1000000000,1000000000,1000000000,1000000000,1000000000,1000000000,1000000000,1000000000,1000000000,1000000000,1000000000,1000000000,1000000000,1000000000,1000000000,1000000000,1000000000,1000000000,1000000000,1000000000,1000000000,1000000000,1000000000
pace.h013.n2048e5216.txt,167,167,169,203,182,184,184,218,206,206,235,275,275,326,325,341,176,1000000000,1000000000,1000000000,1000000000,1000000000,1000000000,1000000000,1000000000,1000000000,1000000000,1000000000,1000000000,1000000000,1000000000,1000000000,1000000000,1000000000,1000000000,1000000000,1000000000,1000000000,1000000000,1000000000,1000000000,1000000000,1000000000,1000000000,1000000000,1000000000,1000000000,1000000000,1000000000,1000000000,1000000000,1000000000,1000000000,1000000000,1000000000,1000000000,1000000000,1000000000
pace.h015.n2048e7005.txt,70,70,71,74,73,73,73,79,78,78,80,87,87,99,95,99,73,1000000000,1000000000,1000000000,1000000000,1000000000,1000000000,1000000000,1000000000,1000000000,1000000000,1000000000,1000000000,1000000000,1000000000,1000000000,1000000000,1000000000,1000000000,1000000000,1000000000,1000000000,1000000000,1000000000,1000000000,1000000000,1000000000,1000000000,1000000000,1000000000,1000000000,1000000000,1000000000,1000000000,1000000000,1000000000,1000000000,1000000000,1000000000,1000000000,1000000000,1000000000
pace.h017.n1024e9737.txt,182,182,183,314,185,185,185,198,193,193,205,221,221,247,239,249,184,184,1000000000,1000000000,1000000000,1000000000,1000000000,1000000000,1000000000,1000000000,1000000000,1000000000,1000000000,1000000000,1000000000,1000000000,1000000000,1000000000,1000000000,1000000000,1000000000,1000000000,1000000000,1000000000,1000000000,1000000000,1000000000,1000000000,1000000000,1000000000,1000000000,1000000000,1000000000,1000000000,1000000000,1000000000,1000000000,1000000000,1000000000,1000000000,1000000000,1000000000
pace.h019.n1024e10284.txt,121,121,121,132,122,122,122,128,124,124,129,135,136,149,146,149,123,122,1000000000,1000000000,1000000000,1000000000,1000000000,1000000000,1000000000,1000000000,1000000000,1000000000,1000000000,1000000000,1000000000,1000000000,1000000000,1000000000,1000000000,1000000000,1000000000,1000000000,1000000000,1000000000,1000000000,1000000000,1000000000,1000000000,1000000000,1000000000,1000000000,1000000000,1000000000,1000000000,1000000000,1000000000,1000000000,1000000000,1000000000,1000000000,1000000000,1000000000
pace.h021.n2048e10573.txt,61,61,61,62,62,62,62,64,65,65,65,70,70,78,76,78,61,62,1000000000,1000000000,1000000000,1000000000,1000000000,1000000000,1000000000,1000000000,1000000000,1000000000,1000000000,1000000000,1000000000,1000000000,1000000000,1000000000,1000000000,1000000000,1000000000,1000000000,1000000000,1000000000,1000000000,1000000000,1000000000,1000000000,1000000000,1000000000,1000000000,1000000000,1000000000,1000000000,1000000000,1000000000,1000000000,1000000000,1000000000,1000000000,1000000000,1000000000
pace.h023.n2048e11098.txt,126,126,127,316,134,135,135,148,140,140,152,165,167,189,184,189,140,134,1000000000,1000000000,1000000000,1000000000,1000000000,1000000000,1000000000,1000000000,1000000000,1000000000,1000000000,1000000000,1000000000,1000000000,1000000000,1000000000,1000000000,1000000000,1000000000,1000000000,1000000000,1000000000,1000000000,1000000000,1000000000,1000000000,1000000000,1000000000,1000000000,1000000000,1000000000,1000000000,1000000000,1000000000,1000000000,1000000000,1000000000,1000000000,1000000000,1000000000
pace.h025.n1024e15102.txt,190,190,192,297,195,195,196,208,203,203,213,223,223,253,245,253,193,195,1000000000,1000000000,1000000000,1000000000,1000000000,1000000000,1000000000,1000000000,1000000000,1000000000,1000000000,1000000000,1000000000,1000000000,1000000000,1000000000,1000000000,1000000000,1000000000,1000000000,1000000000,1000000000,1000000000,1000000000,1000000000,1000000000,1000000000,1000000000,1000000000,1000000000,1000000000,1000000000,1000000000,1000000000,1000000000,1000000000,1000000000,1000000000,1000000000,1000000000
pace.h027.n2048e14738.txt,124,124,125,317,131,131,131,137,137,137,144,151,151,183,169,183,131,131,1000000000,1000000000,1000000000,1000000000,1000000000,1000000000,1000000000,1000000000,1000000000,1000000000,1000000000,1000000000,1000000000,1000000000,1000000000,1000000000,1000000000,1000000000,1000000000,1000000000,1000000000,1000000000,1000000000,1000000000,1000000000,1000000000,1000000000,1000000000,1000000000,1000000000,1000000000,1000000000,1000000000,1000000000,1000000000,1000000000,1000000000,1000000000,1000000000,1000000000
pace.h029.n1024e19861.txt,251,251,252,403,264,264,264,284,271,271,287,302,302,337,328,337,254,259,1000000000,1000000000,1000000000,1000000000,1000000000,1000000000,1000000000,1000000000,1000000000,1000000000,1000000000,1000000000,1000000000,1000000000,1000000000,1000000000,1000000000,1000000000,1000000000,1000000000,1000000000,1000000000,1000000000,1000000000,1000000000,1000000000,1000000000,1000000000,1000000000,1000000000,1000000000,1000000000,1000000000,1000000000,1000000000,1000000000,1000000000,1000000000,1000000000,1000000000
pace.h031.n2048e18876.txt,186,186,189,512,200,200,200,211,208,208,218,236,236,285,261,285,202,198,1000000000,1000000000,1000000000,1000000000,1000000000,1000000000,1000000000,1000000000,1000000000,1000000000,1000000000,1000000000,1000000000,1000000000,1000000000,1000000000,1000000000,1000000000,1000000000,1000000000,1000000000,1000000000,1000000000,1000000000,1000000000,1000000000,1000000000,1000000000,1000000000,1000000000,1000000000,1000000000,1000000000,1000000000,1000000000,1000000000,1000000000,1000000000,1000000000,1000000000
pace.h033.n6301e20777.txt,190,190,191,252,225,225,225,262,255,255,264,286,286,354,338,354,288,221,1000000000,1000000000,1000000000,1000000000,1000000000,1000000000,1000000000,1000000000,1000000000,1000000000,1000000000,1000000000,1000000000,1000000000,1000000000,1000000000,1000000000,1000000000,1000000000,1000000000,1000000000,1000000000,1000000000,1000000000,1000000000,1000000000,1000000000,1000000000,1000000000,1000000000,1000000000,1000000000,1000000000,1000000000,1000000000,1000000000,1000000000,1000000000,1000000000,1000000000
pace.h035.n8192e30498.txt,3933,3933,3933,3933,4160,4160,4160,4532,4390,4390,4532,4703,4703,4917,4878,4917,4657,1000000000,1000000000,1000000000,1000000000,1000000000,1000000000,1000000000,1000000000,1000000000,1000000000,1000000000,1000000000,1000000000,1000000000,1000000000,1000000000,1000000000,1000000000,1000000000,1000000000,1000000000,1000000000,1000000000,1000000000,1000000000,1000000000,1000000000,1000000000,1000000000,1000000000,1000000000,1000000000,1000000000,1000000000,1000000000,1000000000,1000000000,1000000000,1000000000,1000000000,1000000000
pace.h037.n8192e30814.txt,3922,3922,3922,3922,4159,4159,4159,4548,4366,4366,4558,4687,4687,4907,4827,4907,4644,1000000000,1000000000,1000000000,1000000000,1000000000,1000000000,1000000000,1000000000,1000000000,1000000000,1000000000,1000000000,1000000000,1000000000,1000000000,1000000000,1000000000,1000000000,1000000000,1000000000,1000000000,1000000000,1000000000,1000000000,1000000000,1000000000,1000000000,1000000000,1000000000,1000000000,1000000000,1000000000,1000000000,1000000000,1000000000,1000000000,1000000000,1000000000,1000000000,1000000000,1000000000
pace.h039.n9473e43691.txt,2418,2418,2426,3630,3369,3384,3384,3652,3514,3514,3740,3957,3957,4351,4251,4351,3835,3331,1000000000,1000000000,1000000000,1000000000,1000000000,1000000000,1000000000,1000000000,1000000000,1000000000,1000000000,1000000000,1000000000,1000000000,1000000000,1000000000,1000000000,1000000000,1000000000,1000000000,1000000000,1000000000,1000000000,1000000000,1000000000,1000000000,1000000000,1000000000,1000000000,1000000000,1000000000,1000000000,1000000000,1000000000,1000000000,1000000000,1000000000,1000000000,1000000000,1000000000
pace.h041.n8192e45139.txt,4019,4019,4019,4019,4237,4237,4237,4688,4483,4483,4688,4891,4891,5134,5046,5134,4822,1000000000,1000000000,1000000000,1000000000,1000000000,1000000000,1000000000,1000000000,1000000000,1000000000,1000000000,1000000000,1000000000,1000000000,1000000000,1000000000,1000000000,1000000000,1000000000,1000000000,1000000000,1000000000,1000000000,1000000000,1000000000,1000000000,1000000000,1000000000,1000000000,1000000000,1000000000,1000000000,1000000000,1000000000,1000000000,1000000000,1000000000,1000000000,1000000000,1000000000,1000000000
pace.h043.n8192e50901.txt,3914,3914,3914,3914,4193,4193,4193,4457,4280,4280,4465,4638,4629,4906,4826,4906,4570,1000000000,1000000000,1000000000,1000000000,1000000000,1000000000,1000000000,1000000000,1000000000,1000000000,1000000000,1000000000,1000000000,1000000000,1000000000,1000000000,1000000000,1000000000,1000000000,1000000000,1000000000,1000000000,1000000000,1000000000,1000000000,1000000000,1000000000,1000000000,1000000000,1000000000,1000000000,1000000000,1000000000,1000000000,1000000000,1000000000,1000000000,1000000000,1000000000,1000000000,1000000000
pace.h045.n8192e54189.txt,3938,3938,3938,3964,4201,4201,4201,4664,4430,4441,4673,4889,4889,5164,5121,5164,4847,1000000000,1000000000,1000000000,1000000000,1000000000,1000000000,1000000000,1000000000,1000000000,1000000000,1000000000,1000000000,1000000000,1000000000,1000000000,1000000000,1000000000,1000000000,1000000000,1000000000,1000000000,1000000000,1000000000,1000000000,1000000000,1000000000,1000000000,1000000000,1000000000,1000000000,1000000000,1000000000,1000000000,1000000000,1000000000,1000000000,1000000000,1000000000,1000000000,1000000000,1000000000
pace.h047.n8192e54807.txt,3886,3886,3887,3905,4165,4165,4165,4575,4374,4374,4608,4800,4800,5109,5023,5109,4765,1000000000,1000000000,1000000000,1000000000,1000000000,1000000000,1000000000,1000000000,1000000000,1000000000,1000000000,1000000000,1000000000,1000000000,1000000000,1000000000,1000000000,1000000000,1000000000,1000000000,1000000000,1000000000,1000000000,1000000000,1000000000,1000000000,1000000000,1000000000,1000000000,1000000000,1000000000,1000000000,1000000000,1000000000,1000000000,1000000000,1000000000,1000000000,1000000000,1000000000,1000000000
pace.h049.n8192e57468.txt,3889,3889,3889,3889,4226,4226,4226,4380,4224,4224,4385,4528,4528,4770,4721,4770,4501,1000000000,1000000000,1000000000,1000000000,1000000000,1000000000,1000000000,1000000000,1000000000,1000000000,1000000000,1000000000,1000000000,1000000000,1000000000,1000000000,1000000000,1000000000,1000000000,1000000000,1000000000,1000000000,1000000000,1000000000,1000000000,1000000000,1000000000,1000000000,1000000000,1000000000,1000000000,1000000000,1000000000,1000000000,1000000000,1000000000,1000000000,1000000000,1000000000,1000000000,1000000000
pace.h051.n8192e71995.txt,3999,3999,3999,3999,4443,4443,4443,4596,4384,4384,4596,4790,4790,5092,5019,5092,4733,1000000000,1000000000,1000000000,1000000000,1000000000,1000000000,1000000000,1000000000,1000000000,1000000000,1000000000,1000000000,1000000000,1000000000,1000000000,1000000000,1000000000,1000000000,1000000000,1000000000,1000000000,1000000000,1000000000,1000000000,1000000000,1000000000,1000000000,1000000000,1000000000,1000000000,1000000000,1000000000,1000000000,1000000000,1000000000,1000000000,1000000000,1000000000,1000000000,1000000000,1000000000
pace.h053.n8192e73399.txt,4014,4014,4014,4014,4467,4467,4467,4602,4406,4406,4602,4830,4797,5127,5045,5127,4763,1000000000,1000000000,1000000000,1000000000,1000000000,1000000000,1000000000,1000000000,1000000000,1000000000,1000000000,1000000000,1000000000,1000000000,1000000000,1000000000,1000000000,1000000000,1000000000,1000000000,1000000000,1000000000,1000000000,1000000000,1000000000,1000000000,1000000000,1000000000,1000000000,1000000000,1000000000,1000000000,1000000000,1000000000,1000000000,1000000000,1000000000,1000000000,1000000000,1000000000,1000000000
pace.h055.n15268e74339.txt,4479,4479,4489,8555,6522,6522,6526,6922,6788,6792,7259,7494,7499,8049,7956,8055,7094,6411,1000000000,1000000000,1000000000,1000000000,1000000000,1000000000,1000000000,1000000000,1000000000,1000000000,1000000000,1000000000,1000000000,1000000000,1000000000,1000000000,1000000000,1000000000,1000000000,1000000000,1000000000,1000000000,1000000000,1000000000,1000000000,1000000000,1000000000,1000000000,1000000000,1000000000,1000000000,1000000000,1000000000,1000000000,1000000000,1000000000,1000000000,1000000000,1000000000,1000000000
pace.h057.n8192e83083.txt,3884,3884,3884,3884,4381,4381,4381,4377,4214,4214,4377,4564,4564,4852,4769,4852,4510,1000000000,1000000000,1000000000,1000000000,1000000000,1000000000,1000000000,1000000000,1000000000,1000000000,1000000000,1000000000,1000000000,1000000000,1000000000,1000000000,1000000000,1000000000,1000000000,1000000000,1000000000,1000000000,1000000000,1000000000,1000000000,1000000000,1000000000,1000000000,1000000000,1000000000,1000000000,1000000000,1000000000,1000000000,1000000000,1000000000,1000000000,1000000000,1000000000,1000000000,1000000000
pace.h059.n7115e103689.txt,496,496,498,555,540,540,540,571,601,601,586,589,585,605,598,605,554,526,1000000000,1000000000,1000000000,1000000000,1000000000,1000000000,1000000000,1000000000,1000000000,1000000000,1000000000,1000000000,1000000000,1000000000,1000000000,1000000000,1000000000,1000000000,1000000000,1000000000,1000000000,1000000000,1000000000,1000000000,1000000000,1000000000,1000000000,1000000000,1000000000,1000000000,1000000000,1000000000,1000000000,1000000000,1000000000,1000000000,1000000000,1000000000,1000000000,1000000000
pace.h061.n8192e112798.txt,3744,3744,3744,3752,4337,4337,4337,4222,4047,4047,4224,4411,4411,4741,4675,4737,4408,1000000000,1000000000,1000000000,1000000000,1000000000,1000000000,1000000000,1000000000,1000000000,1000000000,1000000000,1000000000,1000000000,1000000000,1000000000,1000000000,1000000000,1000000000,1000000000,1000000000,1000000000,1000000000,1000000000,1000000000,1000000000,1000000000,1000000000,1000000000,1000000000,1000000000,1000000000,1000000000,1000000000,1000000000,1000000000,1000000000,1000000000,1000000000,1000000000,1000000000,1000000000
pace.h063.n36682e88328.txt,884,884,905,2648,1211,1211,1211,4068,14690,14793,15653,14988,15183,15159,15954,15642,1000000000,1209,1000000000,1000000000,1000000000,1000000000,1000000000,1000000000,1000000000,1000000000,1000000000,1000000000,1000000000,1000000000,1000000000,1000000000,1000000000,1000000000,1000000000,1000000000,1000000000,1000000000,1000000000,1000000000,1000000000,1000000000,1000000000,1000000000,1000000000,1000000000,1000000000,1000000000,1000000000,1000000000,1000000000,1000000000,1000000000,1000000000,1000000000,1000000000,1000000000,1000000000
pace.h065.n26475e106762.txt,3683,3683,3683,3683,4467,4467,4467,4468,8917,8048,9878,10000,9732,8961,9897,9580,1000000000,4042,1000000000,1000000000,1000000000,1000000000,1000000000,1000000000,1000000000,1000000000,1000000000,1000000000,1000000000,1000000000,1000000000,1000000000,1000000000,1000000000,1000000000,1000000000,1000000000,1000000000,1000000000,1000000000,1000000000,1000000000,1000000000,1000000000,1000000000,1000000000,1000000000,1000000000,1000000000,1000000000,1000000000,1000000000,1000000000,1000000000,1000000000,1000000000,1000000000,1000000000
pace.h067.n8192e138733.txt,5422,5422,5422,5459,6502,6502,6502,6137,5910,5910,6137,6343,6343,6651,6557,6651,6276,1000000000,1000000000,1000000000,1000000000,1000000000,1000000000,1000000000,1000000000,1000000000,1000000000,1000000000,1000000000,1000000000,1000000000,1000000000,1000000000,1000000000,1000000000,1000000000,1000000000,1000000000,1000000000,1000000000,1000000000,1000000000,1000000000,1000000000,1000000000,1000000000,1000000000,1000000000,1000000000,1000000000,1000000000,1000000000,1000000000,1000000000,1000000000,1000000000,1000000000,1000000000
pace.h069.n8192e156904.txt,6305,6305,6309,7009,7080,7080,7080,7133,6966,6966,7145,7231,7231,7361,7331,7361,7124,1000000000,1000000000,1000000000,1000000000,1000000000,1000000000,1000000000,1000000000,1000000000,1000000000,1000000000,1000000000,1000000000,1000000000,1000000000,1000000000,1000000000,1000000000,1000000000,1000000000,1000000000,1000000000,1000000000,1000000000,1000000000,1000000000,1000000000,1000000000,1000000000,1000000000,1000000000,1000000000,1000000000,1000000000,1000000000,1000000000,1000000000,1000000000,1000000000,1000000000,1000000000
pace.h071.n8192e168714.txt,6259,6259,6259,6268,7487,7487,7487,6999,6779,6779,6999,7133,7133,7292,7249,7292,7012,1000000000,1000000000,1000000000,1000000000,1000000000,1000000000,1000000000,1000000000,1000000000,1000000000,1000000000,1000000000,1000000000,1000000000,1000000000,1000000000,1000000000,1000000000,1000000000,1000000000,1000000000,1000000000,1000000000,1000000000,1000000000,1000000000,1000000000,1000000000,1000000000,1000000000,1000000000,1000000000,1000000000,1000000000,1000000000,1000000000,1000000000,1000000000,1000000000,1000000000,1000000000
pace.h073.n16384e166938.txt,9078,9078,9096,15614,10127,10127,10127,10915,10486,10549,11086,11440,11440,12079,11942,12079,11358,1000000000,1000000000,1000000000,1000000000,1000000000,1000000000,1000000000,1000000000,1000000000,1000000000,1000000000,1000000000,1000000000,1000000000,1000000000,1000000000,1000000000,1000000000,1000000000,1000000000,1000000000,1000000000,1000000000,1000000000,1000000000,1000000000,1000000000,1000000000,1000000000,1000000000,1000000000,1000000000,1000000000,1000000000,1000000000,1000000000,1000000000,1000000000,1000000000,1000000000,1000000000
pace.h075.n34978e169522.txt,10123,10123,10151,34774,18583,18406,18431,20339,23324,23741,24318,23720,23940,23958,24587,24113,1000000000,18081,1000000000,1000000000,1000000000,1000000000,1000000000,1000000000,1000000000,1000000000,1000000000,1000000000,1000000000,1000000000,1000000000,1000000000,1000000000,1000000000,1000000000,1000000000,1000000000,1000000000,1000000000,1000000000,1000000000,1000000000,1000000000,1000000000,1000000000,34977,1000000000,1000000000,1000000000,1000000000,1000000000,1000000000,1000000000,1000000000,1000000000,1000000000,1000000000,1000000000
pace.h077.n62586e147892.txt,1194,1194,1233,3945,2061,2061,2061,40471,49017,49529,49568,48673,49323,48981,49569,49160,1000000000,2011,1000000000,1000000000,1000000000,1000000000,1000000000,1000000000,1000000000,1000000000,1000000000,1000000000,1000000000,1000000000,1000000000,1000000000,1000000000,1000000000,1000000000,1000000000,1000000000,1000000000,1000000000,1000000000,1000000000,1000000000,1000000000,1000000000,1000000000,1000000000,1000000000,1000000000,1000000000,1000000000,1000000000,1000000000,1000000000,1000000000,1000000000,1000000000,1000000000,1000000000
pace.h079.n16384e216334.txt,10943,10943,10953,16227,12218,12218,12218,12876,12419,12426,12926,13260,13234,13641,13598,13641,13226,1000000000,1000000000,1000000000,1000000000,1000000000,1000000000,1000000000,1000000000,1000000000,1000000000,1000000000,1000000000,1000000000,1000000000,1000000000,1000000000,1000000000,1000000000,1000000000,1000000000,1000000000,1000000000,1000000000,1000000000,1000000000,1000000000,1000000000,1000000000,1000000000,1000000000,1000000000,1000000000,1000000000,1000000000,1000000000,1000000000,1000000000,1000000000,1000000000,1000000000,1000000000
pace.h081.n32768e224254.txt,21867,21867,21874,23937,24570,24581,24559,25928,26327,26470,26804,26859,26953,27278,27345,27276,1000000000,25659,1000000000,1000000000,1000000000,1000000000,1000000000,1000000000,1000000000,1000000000,1000000000,1000000000,1000000000,1000000000,1000000000,1000000000,1000000000,1000000000,1000000000,1000000000,1000000000,1000000000,1000000000,1000000000,1000000000,1000000000,1000000000,1000000000,1000000000,1000000000,1000000000,1000000000,1000000000,1000000000,1000000000,1000000000,1000000000,1000000000,1000000000,1000000000,1000000000,1000000000
pace.h083.n32768e256256.txt,20628,20628,20628,24877,22370,22370,22370,25109,25675,25888,26356,26399,26462,26735,26827,26767,1000000000,1000000000,1000000000,1000000000,1000000000,1000000000,1000000000,1000000000,1000000000,1000000000,1000000000,1000000000,1000000000,1000000000,1000000000,1000000000,1000000000,1000000000,1000000000,1000000000,1000000000,1000000000,1000000000,1000000000,1000000000,1000000000,1000000000,1000000000,1000000000,1000000000,1000000000,1000000000,1000000000,1000000000,1000000000,1000000000,1000000000,1000000000,1000000000,1000000000,1000000000,1000000000
pace.h085.n16384e283794.txt,12809,12809,12813,16379,14424,14424,14424,14443,14196,14208,14474,14663,14660,14864,14810,14864,14614,1000000000,1000000000,1000000000,1000000000,1000000000,1000000000,1000000000,1000000000,1000000000,1000000000,1000000000,1000000000,1000000000,1000000000,1000000000,1000000000,1000000000,1000000000,1000000000,1000000000,1000000000,1000000000,1000000000,1000000000,1000000000,1000000000,1000000000,1000000000,1000000000,1000000000,1000000000,1000000000,1000000000,1000000000,1000000000,1000000000,1000000000,1000000000,1000000000,1000000000,1000000000
pace.h087.n58960e269439.txt,14652,14652,14747,57934,39974,39994,39668,45712,50207,50499,51101,50164,50462,50106,50912,50294,1000000000,39134,1000000000,1000000000,1000000000,1000000000,1000000000,1000000000,1000000000,1000000000,1000000000,1000000000,1000000000,1000000000,1000000000,1000000000,1000000000,1000000000,1000000000,1000000000,1000000000,1000000000,1000000000,1000000000,1000000000,1000000000,1000000000,1000000000,1000000000,58959,1000000000,1000000000,1000000000,1000000000,1000000000,1000000000,1000000000,1000000000,1000000000,1000000000,1000000000,1000000000
pace.h089.n8192e358201.txt,7229,7229,7233,8192,7860,7860,7860,7771,7704,7704,7771,7821,7821,7864,7853,7864,7700,1000000000,1000000000,1000000000,1000000000,1000000000,1000000000,1000000000,1000000000,1000000000,1000000000,1000000000,1000000000,1000000000,1000000000,1000000000,1000000000,1000000000,1000000000,1000000000,1000000000,1000000000,1000000000,1000000000,1000000000,1000000000,1000000000,1000000000,1000000000,1000000000,1000000000,1000000000,1000000000,1000000000,1000000000,1000000000,1000000000,1000000000,1000000000,1000000000,1000000000,1000000000
pace.h091.n16384e354031.txt,12098,12098,12118,16284,13610,13610,13610,13967,13589,13601,13991,14282,14268,14587,14526,14587,14242,1000000000,1000000000,1000000000,1000000000,1000000000,1000000000,1000000000,1000000000,1000000000,1000000000,1000000000,1000000000,1000000000,1000000000,1000000000,1000000000,1000000000,1000000000,1000000000,1000000000,1000000000,1000000000,1000000000,1000000000,1000000000,1000000000,1000000000,1000000000,1000000000,1000000000,1000000000,1000000000,1000000000,1000000000,1000000000,1000000000,1000000000,1000000000,1000000000,1000000000,1000000000
pace.h093.n32768e363878.txt,21951,21951,21958,32459,24364,24364,24364,26389,26759,26817,27260,27544,27587,27954,27928,27954,1000000000,1000000000,1000000000,1000000000,1000000000,1000000000,1000000000,1000000000,1000000000,1000000000,1000000000,1000000000,1000000000,1000000000,1000000000,1000000000,1000000000,1000000000,1000000000,1000000000,1000000000,1000000000,1000000000,1000000000,1000000000,1000000000,1000000000,1000000000,1000000000,1000000000,1000000000,1000000000,1000000000,1000000000,1000000000,1000000000,1000000000,1000000000,1000000000,1000000000,1000000000,1000000000
pace.h095.n32768e409363.txt,23812,23812,23822,32691,26788,26788,26788,27842,27797,27948,28355,28509,28546,28926,28882,28928,1000000000,1000000000,1000000000,1000000000,1000000000,1000000000,1000000000,1000000000,1000000000,1000000000,1000000000,1000000000,1000000000,1000000000,1000000000,1000000000,1000000000,1000000000,1000000000,1000000000,1000000000,1000000000,1000000000,1000000000,1000000000,1000000000,1000000000,1000000000,1000000000,1000000000,1000000000,1000000000,1000000000,1000000000,1000000000,1000000000,1000000000,1000000000,1000000000,1000000000,1000000000,1000000000
pace.h097.n16384e458925.txt,12278,12278,12307,16123,13833,13833,13833,14051,13641,13641,14101,14317,14352,14690,14595,14690,14326,1000000000,1000000000,1000000000,1000000000,1000000000,1000000000,1000000000,1000000000,1000000000,1000000000,1000000000,1000000000,1000000000,1000000000,1000000000,1000000000,1000000000,1000000000,1000000000,1000000000,1000000000,1000000000,1000000000,1000000000,1000000000,1000000000,1000000000,1000000000,1000000000,1000000000,1000000000,1000000000,1000000000,1000000000,1000000000,1000000000,1000000000,1000000000,1000000000,1000000000,1000000000
pace.h099.n97898e447979.txt,24319,24319,24483,96148,79446,79418,79414,87578,89590,88043,90627,89558,90427,88433,89330,87713,1000000000,79256,1000000000,1000000000,1000000000,1000000000,1000000000,1000000000,1000000000,1000000000,1000000000,1000000000,1000000000,1000000000,1000000000,1000000000,1000000000,1000000000,1000000000,1000000000,1000000000,1000000000,1000000000,1000000000,1000000000,1000000000,1000000000,1000000000,1000000000,97897,1000000000,1000000000,1000000000,1000000000,1000000000,1000000000,1000000000,1000000000,1000000000,1000000000,1000000000,1000000000
pace.h101.n65536e618237.txt,46473,46473,46489,52853,1000000000,1000000000,1000000000,1000000000,1000000000,1000000000,1000000000,1000000000,1000000000,1000000000,1000000000,1000000000,1000000000,1000000000,1000000000,1000000000,1000000000,1000000000,1000000000,1000000000,1000000000,1000000000,1000000000,1000000000,1000000000,1000000000,1000000000,1000000000,1000000000,1000000000,1000000000,1000000000,1000000000,1000000000,1000000000,1000000000,1000000000,1000000000,1000000000,1000000000,1000000000,1000000000,1000000000,1000000000,1000000000,1000000000,1000000000,1000000000,1000000000,1000000000,1000000000,1000000000,1000000000,1000000000
pace.h103.n159316e544621.txt,13303,13303,13303,1000000000,1000000000,1000000000,1000000000,1000000000,1000000000,1000000000,1000000000,1000000000,1000000000,1000000000,1000000000,1000000000,1000000000,1000000000,1000000000,1000000000,1000000000,1000000000,1000000000,1000000000,1000000000,1000000000,1000000000,1000000000,1000000000,1000000000,1000000000,1000000000,1000000000,1000000000,1000000000,1000000000,1000000000,1000000000,1000000000,1000000000,1000000000,1000000000,1000000000,1000000000,1000000000,1000000000,1000000000,1000000000,1000000000,1000000000,1000000000,1000000000,1000000000,1000000000,1000000000,1000000000,1000000000,1000000000
pace.h105.n65536e652583.txt,48880,48880,48897,53771,1000000000,1000000000,1000000000,1000000000,1000000000,1000000000,1000000000,1000000000,1000000000,1000000000,1000000000,1000000000,1000000000,1000000000,1000000000,1000000000,1000000000,1000000000,1000000000,1000000000,1000000000,1000000000,1000000000,1000000000,1000000000,1000000000,1000000000,1000000000,1000000000,1000000000,1000000000,1000000000,1000000000,1000000000,1000000000,1000000000,1000000000,1000000000,1000000000,1000000000,1000000000,1000000000,1000000000,1000000000,1000000000,1000000000,1000000000,1000000000,1000000000,1000000000,1000000000,1000000000,1000000000,1000000000
pace.h107.n32768e699385.txt,23729,23729,23807,32493,1000000000,1000000000,1000000000,1000000000,1000000000,1000000000,1000000000,1000000000,1000000000,1000000000,1000000000,1000000000,1000000000,1000000000,1000000000,1000000000,1000000000,1000000000,1000000000,1000000000,1000000000,1000000000,1000000000,1000000000,1000000000,1000000000,1000000000,1000000000,1000000000,1000000000,1000000000,1000000000,1000000000,1000000000,1000000000,1000000000,1000000000,1000000000,1000000000,1000000000,1000000000,1000000000,1000000000,1000000000,1000000000,1000000000,1000000000,1000000000,1000000000,1000000000,1000000000,1000000000,1000000000,1000000000
pace.h109.n8192e839576.txt,7622,7622,7627,8192,1000000000,1000000000,1000000000,1000000000,1000000000,1000000000,1000000000,1000000000,1000000000,1000000000,1000000000,1000000000,1000000000,1000000000,1000000000,1000000000,1000000000,1000000000,1000000000,1000000000,1000000000,1000000000,1000000000,1000000000,1000000000,1000000000,1000000000,1000000000,1000000000,1000000000,1000000000,1000000000,1000000000,1000000000,1000000000,1000000000,1000000000,1000000000,1000000000,1000000000,1000000000,1000000000,1000000000,1000000000,1000000000,1000000000,1000000000,1000000000,1000000000,1000000000,1000000000,1000000000,1000000000,1000000000
pace.h111.n77360e828161.txt,22658,22658,22658,70898,1000000000,1000000000,1000000000,1000000000,1000000000,1000000000,1000000000,1000000000,1000000000,1000000000,1000000000,1000000000,1000000000,1000000000,1000000000,1000000000,1000000000,1000000000,1000000000,1000000000,1000000000,1000000000,1000000000,1000000000,1000000000,1000000000,1000000000,1000000000,1000000000,1000000000,1000000000,1000000000,1000000000,1000000000,1000000000,1000000000,1000000000,1000000000,1000000000,1000000000,1000000000,1000000000,1000000000,1000000000,1000000000,1000000000,1000000000,1000000000,1000000000,1000000000,1000000000,1000000000,1000000000,1000000000
pace.h113.n194085e854377.txt,18574,18574,18574,1000000000,1000000000,1000000000,1000000000,1000000000,1000000000,1000000000,1000000000,1000000000,1000000000,1000000000,1000000000,1000000000,1000000000,1000000000,1000000000,1000000000,1000000000,1000000000,1000000000,1000000000,1000000000,1000000000,1000000000,1000000000,1000000000,1000000000,1000000000,1000000000,1000000000,1000000000,1000000000,1000000000,1000000000,1000000000,1000000000,1000000000,1000000000,1000000000,1000000000,1000000000,1000000000,1000000000,1000000000,1000000000,1000000000,1000000000,1000000000,1000000000,1000000000,1000000000,1000000000,1000000000,1000000000,1000000000
pace.h115.n262111e1234877.txt,130675,130675,130675,1000000000,1000000000,1000000000,1000000000,1000000000,1000000000,1000000000,1000000000,1000000000,1000000000,1000000000,1000000000,1000000000,1000000000,1000000000,1000000000,1000000000,1000000000,1000000000,1000000000,1000000000,1000000000,1000000000,1000000000,1000000000,1000000000,1000000000,1000000000,1000000000,1000000000,1000000000,1000000000,1000000000,1000000000,1000000000,1000000000,1000000000,1000000000,1000000000,1000000000,1000000000,1000000000,1000000000,1000000000,1000000000,1000000000,1000000000,1000000000,1000000000,1000000000,1000000000,1000000000,1000000000,1000000000,1000000000
pace.h117.n325729e1469679.txt,41111,41111,41114,85618,1000000000,1000000000,1000000000,1000000000,1000000000,1000000000,1000000000,1000000000,1000000000,1000000000,1000000000,1000000000,1000000000,1000000000,1000000000,1000000000,1000000000,1000000000,1000000000,1000000000,1000000000,1000000000,1000000000,1000000000,1000000000,1000000000,1000000000,1000000000,1000000000,1000000000,1000000000,1000000000,1000000000,1000000000,1000000000,1000000000,1000000000,1000000000,1000000000,1000000000,1000000000,1000000000,1000000000,1000000000,1000000000,1000000000,1000000000,1000000000,1000000000,1000000000,1000000000,1000000000,1000000000,1000000000
pace.h119.n342573e1619304.txt,93266,93266,93787,1000000000,1000000000,1000000000,1000000000,1000000000,1000000000,1000000000,1000000000,1000000000,1000000000,1000000000,1000000000,1000000000,1000000000,1000000000,1000000000,1000000000,1000000000,1000000000,1000000000,1000000000,1000000000,1000000000,1000000000,1000000000,1000000000,1000000000,1000000000,1000000000,1000000000,1000000000,1000000000,1000000000,1000000000,1000000000,1000000000,1000000000,1000000000,1000000000,1000000000,1000000000,1000000000,1000000000,1000000000,1000000000,1000000000,1000000000,1000000000,1000000000,1000000000,1000000000,1000000000,1000000000,1000000000,1000000000
pace.h121.n16384e2076651.txt,15476,15476,15481,16384,1000000000,1000000000,1000000000,1000000000,1000000000,1000000000,1000000000,1000000000,1000000000,1000000000,1000000000,1000000000,1000000000,1000000000,1000000000,1000000000,1000000000,1000000000,1000000000,1000000000,1000000000,1000000000,1000000000,1000000000,1000000000,1000000000,1000000000,1000000000,1000000000,1000000000,1000000000,1000000000,1000000000,1000000000,1000000000,1000000000,1000000000,1000000000,1000000000,1000000000,1000000000,16383,1000000000,1000000000,1000000000,1000000000,1000000000,1000000000,1000000000,1000000000,1000000000,1000000000,1000000000,1000000000
pace.h123.n4096e2097152.txt,4003,4003,4004,4096,1000000000,1000000000,1000000000,1000000000,1000000000,1000000000,1000000000,1000000000,1000000000,1000000000,1000000000,1000000000,1000000000,1000000000,1000000000,1000000000,1000000000,1000000000,1000000000,1000000000,1000000000,1000000000,1000000000,1000000000,1000000000,1000000000,1000000000,1000000000,1000000000,1000000000,1000000000,1000000000,1000000000,1000000000,1000000000,1000000000,1000000000,1000000000,1000000000,1000000000,1000000000,4095,1000000000,1000000000,1000000000,1000000000,1000000000,1000000000,1000000000,1000000000,1000000000,1000000000,1000000000,1000000000
pace.h125.n16384e2097152.txt,15030,15030,15034,16384,1000000000,1000000000,1000000000,1000000000,1000000000,1000000000,1000000000,1000000000,1000000000,1000000000,1000000000,1000000000,1000000000,1000000000,1000000000,1000000000,1000000000,1000000000,1000000000,1000000000,1000000000,1000000000,1000000000,1000000000,1000000000,1000000000,1000000000,1000000000,1000000000,1000000000,1000000000,1000000000,1000000000,1000000000,1000000000,1000000000,1000000000,1000000000,1000000000,1000000000,1000000000,16383,1000000000,1000000000,1000000000,1000000000,1000000000,1000000000,1000000000,1000000000,1000000000,1000000000,1000000000,1000000000
pace.h127.n32768e2128971.txt,29519,29519,29559,32765,1000000000,1000000000,1000000000,1000000000,1000000000,1000000000,1000000000,1000000000,1000000000,1000000000,1000000000,1000000000,1000000000,1000000000,1000000000,1000000000,1000000000,1000000000,1000000000,1000000000,1000000000,1000000000,1000000000,1000000000,1000000000,1000000000,1000000000,1000000000,1000000000,1000000000,1000000000,1000000000,1000000000,1000000000,1000000000,1000000000,1000000000,1000000000,1000000000,1000000000,1000000000,1000000000,1000000000,1000000000,1000000000,1000000000,1000000000,1000000000,1000000000,1000000000,1000000000,1000000000,1000000000,1000000000
pace.h129.n32768e2148521.txt,28013,28013,28073,32768,1000000000,1000000000,1000000000,1000000000,1000000000,1000000000,1000000000,1000000000,1000000000,1000000000,1000000000,1000000000,1000000000,1000000000,1000000000,1000000000,1000000000,1000000000,1000000000,1000000000,1000000000,1000000000,1000000000,1000000000,1000000000,1000000000,1000000000,1000000000,1000000000,1000000000,1000000000,1000000000,1000000000,1000000000,1000000000,1000000000,1000000000,1000000000,1000000000,1000000000,1000000000,32767,1000000000,1000000000,1000000000,1000000000,1000000000,1000000000,1000000000,1000000000,1000000000,1000000000,1000000000,1000000000
pace.h131.n16384e2194576.txt,15737,15737,15742,16384,1000000000,1000000000,1000000000,1000000000,1000000000,1000000000,1000000000,1000000000,1000000000,1000000000,1000000000,1000000000,1000000000,1000000000,1000000000,1000000000,1000000000,1000000000,1000000000,1000000000,1000000000,1000000000,1000000000,1000000000,1000000000,1000000000,1000000000,1000000000,1000000000,1000000000,1000000000,1000000000,1000000000,1000000000,1000000000,1000000000,1000000000,1000000000,1000000000,1000000000,1000000000,1000000000,1000000000,1000000000,1000000000,1000000000,1000000000,1000000000,1000000000,1000000000,1000000000,1000000000,1000000000,1000000000
pace.h133.n131072e2130456.txt,93226,93226,93520,112030,1000000000,1000000000,1000000000,1000000000,1000000000,1000000000,1000000000,1000000000,1000000000,1000000000,1000000000,1000000000,1000000000,1000000000,1000000000,1000000000,1000000000,1000000000,1000000000,1000000000,1000000000,1000000000,1000000000,1000000000,1000000000,1000000000,1000000000,1000000000,1000000000,1000000000,1000000000,1000000000,1000000000,1000000000,1000000000,1000000000,1000000000,1000000000,1000000000,1000000000,1000000000,1000000000,1000000000,1000000000,1000000000,1000000000,1000000000,1000000000,1000000000,1000000000,1000000000,1000000000,1000000000,1000000000
pace.h135.n32768e2235835.txt,27989,27989,28047,32487,1000000000,1000000000,1000000000,1000000000,1000000000,1000000000,1000000000,1000000000,1000000000,1000000000,1000000000,1000000000,1000000000,1000000000,1000000000,1000000000,1000000000,1000000000,1000000000,1000000000,1000000000,1000000000,1000000000,1000000000,1000000000,1000000000,1000000000,1000000000,1000000000,1000000000,1000000000,1000000000,1000000000,1000000000,1000000000,1000000000,1000000000,1000000000,1000000000,1000000000,1000000000,1000000000,1000000000,1000000000,1000000000,1000000000,1000000000,1000000000,1000000000,1000000000,1000000000,1000000000,1000000000,1000000000
pace.h137.n32768e2241646.txt,27978,27978,28038,32467,1000000000,1000000000,1000000000,1000000000,1000000000,1000000000,1000000000,1000000000,1000000000,1000000000,1000000000,1000000000,1000000000,1000000000,1000000000,1000000000,1000000000,1000000000,1000000000,1000000000,1000000000,1000000000,1000000000,1000000000,1000000000,1000000000,1000000000,1000000000,1000000000,1000000000,1000000000,1000000000,1000000000,1000000000,1000000000,1000000000,1000000000,1000000000,1000000000,1000000000,1000000000,1000000000,1000000000,1000000000,1000000000,1000000000,1000000000,1000000000,1000000000,1000000000,1000000000,1000000000,1000000000,1000000000
pace.h139.n16384e2293868.txt,15853,15853,15853,16384,1000000000,1000000000,1000000000,1000000000,1000000000,1000000000,1000000000,1000000000,1000000000,1000000000,1000000000,1000000000,1000000000,1000000000,1000000000,1000000000,1000000000,1000000000,1000000000,1000000000,1000000000,1000000000,1000000000,1000000000,1000000000,1000000000,1000000000,1000000000,1000000000,1000000000,1000000000,1000000000,1000000000,1000000000,1000000000,1000000000,1000000000,1000000000,1000000000,1000000000,1000000000,16383,1000000000,1000000000,1000000000,1000000000,1000000000,1000000000,1000000000,1000000000,1000000000,1000000000,1000000000,1000000000
pace.h141.n65536e2321780.txt,56858,56858,56942,65535,1000000000,1000000000,1000000000,1000000000,1000000000,1000000000,1000000000,1000000000,1000000000,1000000000,1000000000,1000000000,1000000000,1000000000,1000000000,1000000000,1000000000,1000000000,1000000000,1000000000,1000000000,1000000000,1000000000,1000000000,1000000000,1000000000,1000000000,1000000000,1000000000,1000000000,1000000000,1000000000,1000000000,1000000000,1000000000,1000000000,1000000000,1000000000,1000000000,1000000000,1000000000,65534,1000000000,1000000000,1000000000,1000000000,1000000000,1000000000,1000000000,1000000000,1000000000,1000000000,1000000000,1000000000
pace.h143.n32768e2412833.txt,30218,30218,30232,32768,1000000000,1000000000,1000000000,1000000000,1000000000,1000000000,1000000000,1000000000,1000000000,1000000000,1000000000,1000000000,1000000000,1000000000,1000000000,1000000000,1000000000,1000000000,1000000000,1000000000,1000000000,1000000000,1000000000,1000000000,1000000000,1000000000,1000000000,1000000000,1000000000,1000000000,1000000000,1000000000,1000000000,1000000000,1000000000,1000000000,1000000000,1000000000,1000000000,1000000000,1000000000,32767,1000000000,1000000000,1000000000,1000000000,1000000000,1000000000,1000000000,1000000000,1000000000,1000000000,1000000000,1000000000
pace.h145.n32768e2416820.txt,30223,30223,30250,32768,1000000000,1000000000,1000000000,1000000000,1000000000,1000000000,1000000000,1000000000,1000000000,1000000000,1000000000,1000000000,1000000000,1000000000,1000000000,1000000000,1000000000,1000000000,1000000000,1000000000,1000000000,1000000000,1000000000,1000000000,1000000000,1000000000,1000000000,1000000000,1000000000,1000000000,1000000000,1000000000,1000000000,1000000000,1000000000,1000000000,1000000000,1000000000,1000000000,1000000000,1000000000,1000000000,1000000000,1000000000,1000000000,1000000000,1000000000,1000000000,1000000000,1000000000,1000000000,1000000000,1000000000,1000000000
pace.h147.n32768e2422154.txt,28655,28655,28714,32635,1000000000,1000000000,1000000000,1000000000,1000000000,1000000000,1000000000,1000000000,1000000000,1000000000,1000000000,1000000000,1000000000,1000000000,1000000000,1000000000,1000000000,1000000000,1000000000,1000000000,1000000000,1000000000,1000000000,1000000000,1000000000,1000000000,1000000000,1000000000,1000000000,1000000000,1000000000,1000000000,1000000000,1000000000,1000000000,1000000000,1000000000,1000000000,1000000000,1000000000,1000000000,1000000000,1000000000,1000000000,1000000000,1000000000,1000000000,1000000000,1000000000,1000000000,1000000000,1000000000,1000000000,1000000000
pace.h149.n131072e2340382.txt,91607,91607,91608,130903,1000000000,1000000000,1000000000,1000000000,1000000000,1000000000,1000000000,1000000000,1000000000,1000000000,1000000000,1000000000,1000000000,1000000000,1000000000,1000000000,1000000000,1000000000,1000000000,1000000000,1000000000,1000000000,1000000000,1000000000,1000000000,1000000000,1000000000,1000000000,1000000000,1000000000,1000000000,1000000000,1000000000,1000000000,1000000000,1000000000,1000000000,1000000000,1000000000,1000000000,1000000000,1000000000,1000000000,1000000000,1000000000,1000000000,1000000000,1000000000,1000000000,1000000000,1000000000,1000000000,1000000000,1000000000
pace.h151.n65536e2457973.txt,57927,57927,57973,65536,1000000000,1000000000,1000000000,1000000000,1000000000,1000000000,1000000000,1000000000,1000000000,1000000000,1000000000,1000000000,1000000000,1000000000,1000000000,1000000000,1000000000,1000000000,1000000000,1000000000,1000000000,1000000000,1000000000,1000000000,1000000000,1000000000,1000000000,1000000000,1000000000,1000000000,1000000000,1000000000,1000000000,1000000000,1000000000,1000000000,1000000000,1000000000,1000000000,1000000000,1000000000,65535,1000000000,1000000000,1000000000,1000000000,1000000000,1000000000,1000000000,1000000000,1000000000,1000000000,1000000000,1000000000
pace.h153.n32768e2554765.txt,30560,30560,30574,32768,1000000000,1000000000,1000000000,1000000000,1000000000,1000000000,1000000000,1000000000,1000000000,1000000000,1000000000,1000000000,1000000000,1000000000,1000000000,1000000000,1000000000,1000000000,1000000000,1000000000,1000000000,1000000000,1000000000,1000000000,1000000000,1000000000,1000000000,1000000000,1000000000,1000000000,1000000000,1000000000,1000000000,1000000000,1000000000,1000000000,1000000000,1000000000,1000000000,1000000000,1000000000,1000000000,1000000000,1000000000,1000000000,1000000000,1000000000,1000000000,1000000000,1000000000,1000000000,1000000000,1000000000,1000000000
pace.h155.n131072e2459701.txt,100325,100325,100527,130973,1000000000,1000000000,1000000000,1000000000,1000000000,1000000000,1000000000,1000000000,1000000000,1000000000,1000000000,1000000000,1000000000,1000000000,1000000000,1000000000,1000000000,1000000000,1000000000,1000000000,1000000000,1000000000,1000000000,1000000000,1000000000,1000000000,1000000000,1000000000,1000000000,1000000000,1000000000,1000000000,1000000000,1000000000,1000000000,1000000000,1000000000,1000000000,1000000000,1000000000,1000000000,1000000000,1000000000,1000000000,1000000000,1000000000,1000000000,1000000000,1000000000,1000000000,1000000000,1000000000,1000000000,1000000000
pace.h157.n281903e2312497.txt,89626,89626,89628,1000000000,1000000000,1000000000,1000000000,1000000000,1000000000,1000000000,1000000000,1000000000,1000000000,1000000000,1000000000,1000000000,1000000000,1000000000,1000000000,1000000000,1000000000,1000000000,1000000000,1000000000,1000000000,1000000000,1000000000,1000000000,1000000000,1000000000,1000000000,1000000000,1000000000,1000000000,1000000000,1000000000,1000000000,1000000000,1000000000,1000000000,1000000000,1000000000,1000000000,1000000000,1000000000,1000000000,1000000000,1000000000,1000000000,1000000000,1000000000,1000000000,1000000000,1000000000,1000000000,1000000000,1000000000,1000000000
pace.h159.n32768e2621362.txt,29166,29166,29217,32694,1000000000,1000000000,1000000000,1000000000,1000000000,1000000000,1000000000,1000000000,1000000000,1000000000,1000000000,1000000000,1000000000,1000000000,1000000000,1000000000,1000000000,1000000000,1000000000,1000000000,1000000000,1000000000,1000000000,1000000000,1000000000,1000000000,1000000000,1000000000,1000000000,1000000000,1000000000,1000000000,1000000000,1000000000,1000000000,1000000000,1000000000,1000000000,1000000000,1000000000,1000000000,1000000000,1000000000,1000000000,1000000000,1000000000,1000000000,1000000000,1000000000,1000000000,1000000000,1000000000,1000000000,1000000000
pace.h161.n32768e2684883.txt,28806,28806,28840,32768,1000000000,1000000000,1000000000,1000000000,1000000000,1000000000,1000000000,1000000000,1000000000,1000000000,1000000000,1000000000,1000000000,1000000000,1000000000,1000000000,1000000000,1000000000,1000000000,1000000000,1000000000,1000000000,1000000000,1000000000,1000000000,1000000000,1000000000,1000000000,1000000000,1000000000,1000000000,1000000000,1000000000,1000000000,1000000000,1000000000,1000000000,1000000000,1000000000,1000000000,1000000000,32767,1000000000,1000000000,1000000000,1000000000,1000000000,1000000000,1000000000,1000000000,1000000000,1000000000,1000000000,1000000000
pace.h163.n32768e2696696.txt,30905,30905,30913,32768,1000000000,1000000000,1000000000,1000000000,1000000000,1000000000,1000000000,1000000000,1000000000,1000000000,1000000000,1000000000,1000000000,1000000000,1000000000,1000000000,1000000000,1000000000,1000000000,1000000000,1000000000,1000000000,1000000000,1000000000,1000000000,1000000000,1000000000,1000000000,1000000000,1000000000,1000000000,1000000000,1000000000,1000000000,1000000000,1000000000,1000000000,1000000000,1000000000,1000000000,1000000000,1000000000,1000000000,1000000000,1000000000,1000000000,1000000000,1000000000,1000000000,1000000000,1000000000,1000000000,1000000000,1000000000
pace.h165.n131072e2622100.txt,103453,103453,103628,131046,1000000000,1000000000,1000000000,1000000000,1000000000,1000000000,1000000000,1000000000,1000000000,1000000000,1000000000,1000000000,1000000000,1000000000,1000000000,1000000000,1000000000,1000000000,1000000000,1000000000,1000000000,1000000000,1000000000,1000000000,1000000000,1000000000,1000000000,1000000000,1000000000,1000000000,1000000000,1000000000,1000000000,1000000000,1000000000,1000000000,1000000000,1000000000,1000000000,1000000000,1000000000,1000000000,1000000000,1000000000,1000000000,1000000000,1000000000,1000000000,1000000000,1000000000,1000000000,1000000000,1000000000,1000000000
pace.h167.n65536e2731506.txt,61310,61310,61311,65536,1000000000,1000000000,1000000000,1000000000,1000000000,1000000000,1000000000,1000000000,1000000000,1000000000,1000000000,1000000000,1000000000,1000000000,1000000000,1000000000,1000000000,1000000000,1000000000,1000000000,1000000000,1000000000,1000000000,1000000000,1000000000,1000000000,1000000000,1000000000,1000000000,1000000000,1000000000,1000000000,1000000000,1000000000,1000000000,1000000000,1000000000,1000000000,1000000000,1000000000,1000000000,1000000000,1000000000,1000000000,1000000000,1000000000,1000000000,1000000000,1000000000,1000000000,1000000000,1000000000,1000000000,1000000000
pace.h169.n32768e2808603.txt,29632,29632,29674,32733,1000000000,1000000000,1000000000,1000000000,1000000000,1000000000,1000000000,1000000000,1000000000,1000000000,1000000000,1000000000,1000000000,1000000000,1000000000,1000000000,1000000000,1000000000,1000000000,1000000000,1000000000,1000000000,1000000000,1000000000,1000000000,1000000000,1000000000,1000000000,1000000000,1000000000,1000000000,1000000000,1000000000,1000000000,1000000000,1000000000,1000000000,1000000000,1000000000,1000000000,1000000000,1000000000,1000000000,1000000000,1000000000,1000000000,1000000000,1000000000,1000000000,1000000000,1000000000,1000000000,1000000000,1000000000
pace.h171.n131072e2741624.txt,90647,90647,90649,130781,1000000000,1000000000,1000000000,1000000000,1000000000,1000000000,1000000000,1000000000,1000000000,1000000000,1000000000,1000000000,1000000000,1000000000,1000000000,1000000000,1000000000,1000000000,1000000000,1000000000,1000000000,1000000000,1000000000,1000000000,1000000000,1000000000,1000000000,1000000000,1000000000,1000000000,1000000000,1000000000,1000000000,1000000000,1000000000,1000000000,1000000000,1000000000,1000000000,1000000000,1000000000,1000000000,1000000000,1000000000,1000000000,1000000000,1000000000,1000000000,1000000000,1000000000,1000000000,1000000000,1000000000,1000000000
pace.h173.n32768e2843144.txt,31682,31688,31682,32768,1000000000,1000000000,1000000000,1000000000,1000000000,1000000000,1000000000,1000000000,1000000000,1000000000,1000000000,1000000000,1000000000,1000000000,1000000000,1000000000,1000000000,1000000000,1000000000,1000000000,1000000000,1000000000,1000000000,1000000000,1000000000,1000000000,1000000000,1000000000,1000000000,1000000000,1000000000,1000000000,1000000000,1000000000,1000000000,1000000000,1000000000,1000000000,1000000000,1000000000,1000000000,1000000000,1000000000,1000000000,1000000000,1000000000,1000000000,1000000000,1000000000,1000000000,1000000000,1000000000,1000000000,1000000000
pace.h175.n131072e2757784.txt,100541,100541,100554,1000000000,1000000000,1000000000,1000000000,1000000000,1000000000,1000000000,1000000000,1000000000,1000000000,1000000000,1000000000,1000000000,1000000000,1000000000,1000000000,1000000000,1000000000,1000000000,1000000000,1000000000,1000000000,1000000000,1000000000,1000000000,1000000000,1000000000,1000000000,1000000000,1000000000,1000000000,1000000000,1000000000,1000000000,1000000000,1000000000,1000000000,1000000000,1000000000,1000000000,1000000000,1000000000,1000000000,1000000000,1000000000,1000000000,1000000000,1000000000,1000000000,1000000000,1000000000,1000000000,1000000000,1000000000,1000000000
pace.h177.n131072e2784435.txt,100467,100467,100485,1000000000,1000000000,1000000000,1000000000,1000000000,1000000000,1000000000,1000000000,1000000000,1000000000,1000000000,1000000000,1000000000,1000000000,1000000000,1000000000,1000000000,1000000000,1000000000,1000000000,1000000000,1000000000,1000000000,1000000000,1000000000,1000000000,1000000000,1000000000,1000000000,1000000000,1000000000,1000000000,1000000000,1000000000,1000000000,1000000000,1000000000,1000000000,1000000000,1000000000,1000000000,1000000000,1000000000,1000000000,1000000000,1000000000,1000000000,1000000000,1000000000,1000000000,1000000000,1000000000,1000000000,1000000000,1000000000
pace.h179.n131072e2921009.txt,95730,95730,95734,1000000000,1000000000,1000000000,1000000000,1000000000,1000000000,1000000000,1000000000,1000000000,1000000000,1000000000,1000000000,1000000000,1000000000,1000000000,1000000000,1000000000,1000000000,1000000000,1000000000,1000000000,1000000000,1000000000,1000000000,1000000000,1000000000,1000000000,1000000000,1000000000,1000000000,1000000000,1000000000,1000000000,1000000000,1000000000,1000000000,1000000000,1000000000,1000000000,1000000000,1000000000,1000000000,1000000000,1000000000,1000000000,1000000000,1000000000,1000000000,1000000000,1000000000,1000000000,1000000000,1000000000,1000000000,1000000000
pace.h181.n131072e2950732.txt,109303,109303,109372,131069,1000000000,1000000000,1000000000,1000000000,1000000000,1000000000,1000000000,1000000000,1000000000,1000000000,1000000000,1000000000,1000000000,1000000000,1000000000,1000000000,1000000000,1000000000,1000000000,1000000000,1000000000,1000000000,1000000000,1000000000,1000000000,1000000000,1000000000,1000000000,1000000000,1000000000,1000000000,1000000000,1000000000,1000000000,1000000000,1000000000,1000000000,1000000000,1000000000,1000000000,1000000000,1000000000,1000000000,1000000000,1000000000,1000000000,1000000000,1000000000,1000000000,1000000000,1000000000,1000000000,1000000000,1000000000
pace.h183.n131072e3115621.txt,112359,112359,112426,131072,1000000000,1000000000,1000000000,1000000000,1000000000,1000000000,1000000000,1000000000,1000000000,1000000000,1000000000,1000000000,1000000000,1000000000,1000000000,1000000000,1000000000,1000000000,1000000000,1000000000,1000000000,1000000000,1000000000,1000000000,1000000000,1000000000,1000000000,1000000000,1000000000,1000000000,1000000000,1000000000,1000000000,1000000000,1000000000,1000000000,1000000000,1000000000,1000000000,1000000000,1000000000,1000000000,1000000000,1000000000,1000000000,1000000000,1000000000,1000000000,1000000000,1000000000,1000000000,1000000000,1000000000,1000000000
pace.h185.n32768e3222505.txt,29362,29362,29404,32768,1000000000,1000000000,1000000000,1000000000,1000000000,1000000000,1000000000,1000000000,1000000000,1000000000,1000000000,1000000000,1000000000,1000000000,1000000000,1000000000,1000000000,1000000000,1000000000,1000000000,1000000000,1000000000,1000000000,1000000000,1000000000,1000000000,1000000000,1000000000,1000000000,1000000000,1000000000,1000000000,1000000000,1000000000,1000000000,1000000000,1000000000,1000000000,1000000000,1000000000,1000000000,32767,1000000000,1000000000,1000000000,1000000000,1000000000,1000000000,1000000000,1000000000,1000000000,1000000000,1000000000,1000000000
pace.h187.n131072e3225441.txt,110074,110074,110074,1000000000,1000000000,1000000000,1000000000,1000000000,1000000000,1000000000,1000000000,1000000000,1000000000,1000000000,1000000000,1000000000,1000000000,1000000000,1000000000,1000000000,1000000000,1000000000,1000000000,1000000000,1000000000,1000000000,1000000000,1000000000,1000000000,1000000000,1000000000,1000000000,1000000000,1000000000,1000000000,1000000000,1000000000,1000000000,1000000000,1000000000,1000000000,1000000000,1000000000,1000000000,1000000000,1000000000,1000000000,1000000000,1000000000,1000000000,1000000000,1000000000,1000000000,1000000000,1000000000,1000000000,1000000000,1000000000
pace.h189.n262144e3100310.txt,213510,213510,213666,1000000000,1000000000,1000000000,1000000000,1000000000,1000000000,1000000000,1000000000,1000000000,1000000000,1000000000,1000000000,1000000000,1000000000,1000000000,1000000000,1000000000,1000000000,1000000000,1000000000,1000000000,1000000000,1000000000,1000000000,1000000000,1000000000,1000000000,1000000000,1000000000,1000000000,1000000000,1000000000,1000000000,1000000000,1000000000,1000000000,1000000000,1000000000,1000000000,1000000000,1000000000,1000000000,1000000000,1000000000,1000000000,1000000000,1000000000,1000000000,1000000000,1000000000,1000000000,1000000000,1000000000,1000000000,1000000000
pace.h191.n131072e3275806.txt,116156,116156,116156,1000000000,1000000000,1000000000,1000000000,1000000000,1000000000,1000000000,1000000000,1000000000,1000000000,1000000000,1000000000,1000000000,1000000000,1000000000,1000000000,1000000000,1000000000,1000000000,1000000000,1000000000,1000000000,1000000000,1000000000,1000000000,1000000000,1000000000,1000000000,1000000000,1000000000,1000000000,1000000000,1000000000,1000000000,1000000000,1000000000,1000000000,1000000000,1000000000,1000000000,1000000000,1000000000,1000000000,1000000000,1000000000,1000000000,1000000000,1000000000,1000000000,1000000000,1000000000,1000000000,1000000000,1000000000,1000000000
pace.h193.n32768e3734348.txt,31431,31431,31437,32768,1000000000,1000000000,1000000000,1000000000,1000000000,1000000000,1000000000,1000000000,1000000000,1000000000,1000000000,1000000000,1000000000,1000000000,1000000000,1000000000,1000000000,1000000000,1000000000,1000000000,1000000000,1000000000,1000000000,1000000000,1000000000,1000000000,1000000000,1000000000,1000000000,1000000000,1000000000,1000000000,1000000000,1000000000,1000000000,1000000000,1000000000,1000000000,1000000000,1000000000,1000000000,32767,1000000000,1000000000,1000000000,1000000000,1000000000,1000000000,1000000000,1000000000,1000000000,1000000000,1000000000,1000000000
pace.h195.n4096e4194304.txt,4050,4050,4053,4096,1000000000,1000000000,1000000000,1000000000,1000000000,1000000000,1000000000,1000000000,1000000000,1000000000,1000000000,1000000000,1000000000,1000000000,1000000000,1000000000,1000000000,1000000000,1000000000,1000000000,1000000000,1000000000,1000000000,1000000000,1000000000,1000000000,1000000000,1000000000,1000000000,1000000000,1000000000,1000000000,1000000000,1000000000,1000000000,1000000000,1000000000,1000000000,1000000000,1000000000,1000000000,4095,1000000000,1000000000,1000000000,1000000000,1000000000,1000000000,1000000000,1000000000,1000000000,1000000000,1000000000,1000000000
pace.h197.n8192e4194304.txt,7999,7999,8004,8192,1000000000,1000000000,1000000000,1000000000,1000000000,1000000000,1000000000,1000000000,1000000000,1000000000,1000000000,1000000000,1000000000,1000000000,1000000000,1000000000,1000000000,1000000000,1000000000,1000000000,1000000000,1000000000,1000000000,1000000000,1000000000,1000000000,1000000000,1000000000,1000000000,1000000000,1000000000,1000000000,1000000000,1000000000,1000000000,1000000000,1000000000,1000000000,1000000000,1000000000,1000000000,8191,1000000000,1000000000,1000000000,1000000000,1000000000,1000000000,1000000000,1000000000,1000000000,1000000000,1000000000,1000000000
pace.h199.n875713e5105039.txt,178686,178686,178686,1000000000,1000000000,1000000000,1000000000,1000000000,1000000000,1000000000,1000000000,1000000000,1000000000,1000000000,1000000000,1000000000,1000000000,1000000000,1000000000,1000000000,1000000000,1000000000,1000000000,1000000000,1000000000,1000000000,1000000000,1000000000,1000000000,1000000000,1000000000,1000000000,1000000000,1000000000,1000000000,1000000000,1000000000,1000000000,1000000000,1000000000,1000000000,1000000000,1000000000,1000000000,1000000000,1000000000,1000000000,1000000000,1000000000,1000000000,1000000000,1000000000,1000000000,1000000000,1000000000,1000000000,1000000000,1000000000
